"NOMBRE","DIR-COMERCIAL","TELEFONO","CIIU-1","CIIU-4"
"RESTAURANTE ELIWEND","TERMINAL DE TRANSPORTE LC 19","3002769883","I5611 ** Expendio a la mesa de comidas preparadas","EXPENDIO A LA MESA DE COMIDAS PREPARADAS"
"RESTAURANTE EL HERMANO JUAN","CL 28 NRO. 33 - 70 BRR ALTO PRADO","3106441617","I5611 ** Expendio a la mesa de comidas preparadas","expendio de comidas praparadas"
"COMIDAS RAPIDAS MARISELL","CL 16 NRO. 1C - 25 P 1 LC 39 CENTRAMA","3023886577","I5611 ** Expendio a la mesa de comidas preparadas","SERVICIO DE COMEDOR  VENTA DE COMIDAS."
"RESTAURANTE YADALIS","SALIDA MAICAO-CARRAIPIA AL LADO MDO MUNICIPAL","3008851509","I5611 ** Expendio a la mesa de comidas preparadas","EXPENDIO A LA MESA DE COMIDAS PREPARADAS."
"RESTAURANTE EL MULERO DE LA FRONTERA","AV PRINCIPAL LA RAYA CORR DE PARAGUACHON","3106336234","I5611 ** Expendio a la mesa de comidas preparadas","EXPENDIO A LA MESA DE COMIDAS PREPARADAS"
"RESTAURANTE KARI-JUNIOR","CL 16 CR 02 ESQ. NRO. 1 C - 55 LC 17 CENTRAMA","7257354","I5611 ** Expendio a la mesa de comidas preparadas","EXPENDIO A LA MESA DE COMIDAS PREPARADAS."
"RESTAURANTE LA MONA 1 Y 2","CR 20 VÍA MAJAYURA","3116977474","I5611 ** Expendio a la mesa de comidas preparadas","Expendio a la mesa de comidas preparadas"
"LOUI`S PIZZAS","CR 13 NRO. 6A - 21 BRR BOSCAN","7264774","I5611 ** Expendio a la mesa de comidas preparadas","Expendio a la mesa de comidas preparadas. Otros tipos de expendio de comidas preparadas n.c.p.Expendio de bebidas alcoholicas para el consumo dentro del establecimiento."
"RESTAURANTE EL ORIENTAL","CL 10A NRO. 8 - 11 BRR CENTRO","7268170","I5611 ** Expendio a la mesa de comidas preparadas","EXPENDIO A LA MESA DE COMIDAS PREPARADAS"
"ASADERO PIOS RIKOS","CR 13 NRO. 05 - 65 BRR BOSCAN","7266763","I5611 ** Expendio a la mesa de comidas preparadas","VENTA DE POLLO ASADO"
"DESAYUNOS CENITH CARAMELO","CL 15 NRO. 20 - 76 BRR EL CARMEN","3008460182","I5611 ** Expendio a la mesa de comidas preparadas","SERVICIO DE RESTAURANTE"
"RESTAURANTE RICKY`S","CL 15 NRO. 11 - 92 BRR CENTRO","7268788","I5611 ** Expendio a la mesa de comidas preparadas","EXPENDIO A LA MESA DE COMIDAS PREPARADAS"
"TEQUECHAMOR","CR 9 18 69","3103681533","I5611 ** Expendio a la mesa de comidas preparadas","Ventas de comidas preparadas a la mesa ( frituras y comidas rapidas). y bebidas."
"LA ESQUINA DEL SANCOCHO LA 19","CL 19 NRO. 11 - 06 BRR SAN JOSE","3046663149","I5611 ** Expendio a la mesa de comidas preparadas","EMPEDIO DE COMIDAS PREPARADAS (SANCOCHO)"
"COMIDAS RAPIDAS Y PIZZERIA  LA ESQUINA DEL SABOR","CALLE 7 8 02","3007106958","I5611 ** Expendio a la mesa de comidas preparadas","Expendio a la mesa de comidas preparadas  Alquiler y arrendamiento de equipo recreativo y deportivo  Actividades de mensajeria"
"MENU & SAZON","CL 7 12 - 03 BRR BOSCAN","3156296123","I5611 ** Expendio a la mesa de comidas preparadas","EXPENDIO A LA MESA DE COMIDAS PREPARADAS  AL MENÚ  Y DOMICILIO."
"RESTAURANTE DONDE BIGOTE","CL 11 CRA 13 Y 14 COLMENA Nro.4","3017283686","I5611 ** Expendio a la mesa de comidas preparadas","SERVICIO DE RESTAURANTE"
"RESTAURANTE DONDE MAMITA","CR 11A No 10 A - 31 BRR CENTRO","3042180103","I5611 ** Expendio a la mesa de comidas preparadas","Expendio a la mesa de comidas preparadas y Catering para eventos"
"CASA RESTAURANTE DONDE LA TIA","CR 33 NRO 15F-10 BRR MAREIGUA","3214778278","I5611 ** Expendio a la mesa de comidas preparadas","expendio a la mesa de comidas preparadas elaboracion de comidas y platos preparados"
"RESTAURANTE OLCE","MZ ZQ CA 17 BRR VILLA ONE","3003603939","I5611 ** Expendio a la mesa de comidas preparadas","EXPENDIO A LA MESA DE COMIDAS PREPARADAS VENTA DE BEBIDAS GASEOSAS JUGOS MALTAS Y AGUA"
"EL SASON DEL TIO","CL 16 CR 26 ESQ BRR PASTRANA","3117609559","I5611 ** Expendio a la mesa de comidas preparadas","EXPENDIO A LA MESA DE COMIDAS PREPARADAS"
"HERMANOS BARROS ROBLES","CRA 14 NO. 2B-23 BRR JOSE DOMINGO BOSCAN","3176835895","I5611 ** Expendio a la mesa de comidas preparadas","Expendio a la mesa de comidas preparadas. Comercio al por menor de otros articulos domesticos en establecimientos especializados"
"MASTER FOOD RESTAURANT","CLL 12 N° 8-31 BRR CENTRO","3042495427","I5611 ** Expendio a la mesa de comidas preparadas","EXPENDIO A LA MESA DE COMIDAS PREPARADAS  ELABORACION DE PRODUCTOS DE PANADERIA  COMERCIO AL POR MENOR DE OTROS PRODUCTOS ALIMENTICIOS N.C.P.  EN ESTABLECIMIENTOS ESPECIALIZADOS Y EXPENDIO DE COMIDAS PREPARADAS EN CAFETERIAS."
"RESTAURANTE Y PARQUEADERO DON JUAN JD","CR 15 NRO 16-41 BRR CENTRO","3042911637","I5611 ** Expendio a la mesa de comidas preparadas","SERVICIO DE RESTAURANTE Y ACTIVIDADES DE ESTACIONES  VIAS Y SERVICIOS COMPLEMENTARIOS PARA EL TRANSPORTE TERRESTRESERVICIO DE PARQUEDADERO"
"RESTAURANTE SOFI MAR","CL 15 NRO 26-27 BRR EL CARMEN","3126600822","I5611 ** Expendio a la mesa de comidas preparadas","EXPENDIO A LA MESA DE COMIDAS PREPARADAS CORRIENTE Y A LA CARTA"
"TEQUECHAMO MAICAO","CR 9    N° 18  - 69 ESQ","3004255660","I5611 ** Expendio a la mesa de comidas preparadas","Expendio a la mesa de comidas preparadas  Expendio de comidas preparadas en cafeterias  Otros tipos de expendio de comidas preparadas n.c.p."
"RESTAURANTE MAICAO","CR 15 NRO 15-32 BRR CENTRO","3234562944","I5611 ** Expendio a la mesa de comidas preparadas","EXPENDIO A LA MESA DE COMIDAS PREPARADAS"
"RESTAURANTE DELEITE","CL 15 NRO 10-39 BRR CENTRO","3023095237","I5611 ** Expendio a la mesa de comidas preparadas","EXPENDIO A LA MESA DE COMIDAS PREPARADS"
"HELADOS LOUIS","CR 13 NRO. 6A - 28 BRR BOSCAN","7264774","I5619 ** Otros tipos de expendio de comidas preparadas n.c.p.",
"ASADERO GH","CL 17 NRO 12-58 BRR CENTRO","3108814921","I5611 ** Expendio a la mesa de comidas preparadas","expendio a la mesa de comidas preparadas expendio de bebidas alcoholicas para el consumo dentro del establecimiento comercio al por menor de carnes crudas incluye aves de corral"
"SIKEMECHI","CL 15 25 52","3007106780","I5611 ** Expendio a la mesa de comidas preparadas","EXPENDIO A LA MESA DE COMIDAS PREPARADAS OTROS TIPOS DE EXPENDIO DE COMIDAS PREPARADAS N.C.P. ACTIVIDADES JURIDICAS TRANSPORTE DE PASAJEROS"
"RESTAURANTE BAR MONTECARLO EN MAICAO","CLL 7 NO. 13 - 03 BRR BOSCAN","3184937546","I5611 ** Expendio a la mesa de comidas preparadas","ExpendiÓ a la mesa de comidas preparadas. venta de bebidas  y domicilio"
"PINCHOS Y PARRILLA","CL 18 16 04","3127428917","I5611 ** Expendio a la mesa de comidas preparadas","EXPENDIO A LA MESA DE COMIDAS PREPARADAS"
"POLLO ARABE PARRILLA STAR SAS MAICAO","CL 16 24 05","3136674839","I5611 ** Expendio a la mesa de comidas preparadas","EXPENDIO A LA MESA DE COMIDAS PREPARADAS"
"RESTAURANTE TICO","CL 15 NRO 11-43 BRR CENTRO","7267440","I5611 ** Expendio a la mesa de comidas preparadas","EXPENDIO A LA MESA DE COMIDAS PREPARADAS"
"SUSHIFF","CL 3 A 10 A 05","3156716709","I5611 ** Expendio a la mesa de comidas preparadas","EXPENDIO A LA MESA DE COMIDAS PREPARADAS COMERCIO AL POR MENOR REALIZADO A TRAVES DE INTERNET"
"PARE Y COMA EXPRESS MAICAO","CL 9 CR 6","3046046723","I5611 ** Expendio a la mesa de comidas preparadas","Expendio a la mesa de comidas preparadas Expendio de bebidas alcoholicas para el consumo dentro del establecimiento"
"COMIDAS RAPIDAS J&M","CR 14 NRO. 16 - 35 BRR. SAN MARTIN","3183162325","I5611 ** Expendio a la mesa de comidas preparadas","Expendio a la mesa de comidas preparadas"
"RESTAURANTE Y COMIDAS RAPIDA EL CORRAL","CL 21 NRO 19-17 BRR SAN MARTIN","3125452492","I5611 ** Expendio a la mesa de comidas preparadas","EXPENDIO DE COMIDAS PREPARADAS"
"RESTAURANTE MI FORTALEZA","CL 11 NRO 17-84 BRR EL CARMEN","3132932512","I5611 ** Expendio a la mesa de comidas preparadas","expendio a la mesa de comidas preparadas"
"RESTAURANTE ENI","CR 15 NRO 16-55 BRR EL CENTRO","3104295325","I5611 ** Expendio a la mesa de comidas preparadas","EXPENDIO A LA MESA DE COMIDAS PREPARADAS"
"RESTAURANTE Y PANADERIA LA BENDICION","CLL 110 CRA 12 ESQUINA","3005873424","I5611 ** Expendio a la mesa de comidas preparadas","EXPENDIO A LA MESA DE COMIDAS PREPARADAS ELABORACION DE PRODUCTOS DE PANADERIA COMERCIO AL POR MENOR DE OTROS PRODUCTOS ALIMENTICIOS N.C.P.  EN ESTABLECIMIENTOS ESPECIALIZADOS"
"RESTAURANTE Y JUGOS NATURALES MATI","CL 17 CR 15 ESQ BRR SAN MARTIN","3022578678","I5611 ** Expendio a la mesa de comidas preparadas","EXPENDIO A LA MESA DE COMIDAS PREPARADAS VENTA DE JUGOS NATURALES"
"RESTAURANTE MANA JG.","CL 14 NRO. 10 - 69 BRR CENTRO","3006850314","I5611 ** Expendio a la mesa de comidas preparadas","EXPENDIO A LA MESA DE COMIDAS PREPARADAS."
"EL PATIO M.I","CL 24 NRO 17-68 BRR SAN MARTIN","3143978908","I5611 ** Expendio a la mesa de comidas preparadas","EXPENDIO A LA MESA DE COMIDAS PREPARADAS COMERCIO AL POR MENOR DE ALIMENTOS  VIVERES ABARROTES BEBIDAS GASEOSAS  JUGOS Y AGUA EXPENDIO DE BEBIDAS ALCOHOLICAS PARA EL CONSUMO DENTRO DEL ESTABLECIMIENTO"
"DELICIAS M&D","CR 8 NRO. 18 - 51 BRR SAN JOSE","3015440610","I5611 ** Expendio a la mesa de comidas preparadas","EXPENDIO A LA MESA DE COMIDAS PREPARADAS CATERING PARA EVENTOS"
"RESTAURANTE KATALINA","CL 16 NRO.27 - 30 BRR PASTRANA","3105189955","I5611 ** Expendio a la mesa de comidas preparadas","EXPENDIO A LA MESA DE COMIDAS PREPARADAS"
"CORPOSOVI","CR 33 NRO. 15H - 25 BRR MAREYGUA","3002049470","I5611 ** Expendio a la mesa de comidas preparadas","EXPENDIO A LA MESA DE COMIDAS PREPARADAS. OTRAS ACTIVIDADES DE ASISTENCIA SOCIAL SIN ALOJAMIENTO. ELABORACION DE OTROS PRODUCTOS ALIMENTICIOS N.C.P.. ACTIVIDADES DE OTROS SERVICIOS DE COMIDAS."
"VENTA DE COMIDAS MARTHA","CR 16 NRO 8-30 BRR SANTANDER","3128378188","I5611 ** Expendio a la mesa de comidas preparadas","EXPENDIO A LA MESA DE COMIDAS PREPARADS"
"DEJA VU FAST FOOD","CL 16 NRO 18-57 BRR EL CARMEN","3167454392","I5611 ** Expendio a la mesa de comidas preparadas","EXPENDIO A LA MESA DE COMIDAS PREPARADAS COMERCIO AL POR MENOR DE CARNES ICLUYE AVES DE CORRAL PRODUCTOS CARNICOS PESCADO Y PRODUCTOS DE MAR EN ESTABLECIMIENTO ESPECIALIZADOS"
"RESTAURANTE Y LICORERIA LA FRONTERA","CR 11 NRO. 13 - 38 BRR CENTRO","3234978137","I5611 ** Expendio a la mesa de comidas preparadas","SERVICIO DE RESTAURANTE  EXPENDIO DE BEBIDAS ALCOHOLICAS PARA EL CONSUMO DENTRO Y FUERA DEL ESTABLECIMIENTO.DEL ESTABLECIMIENTO"
"ESTADERO Y RESTAURANTE LA SELVA","CR 13 NRO 12-32 BRR CENTRO","3006914220","I5611 ** Expendio a la mesa de comidas preparadas","EXPENDIO A LA MESA DE COMIDAS PREPARADAS EXPENDIO DE BEBIDAS ALCHOLICAS PARA EL CONSUMO DENTRO Y FUERA DEL ESTABLECIMIENTO"
"THE ANTHONY PIZZA","CR 10 NRO 14-55 BRR CENTRO","3225219312","I5619 ** Otros tipos de expendio de comidas preparadas n.c.p.",
"RESTAURANTE Y ESTADERO LA VIRGEN DEL CARMEN","CR 29 NO. 11 - 05 BRR PARAISO","3145506202","I5611 ** Expendio a la mesa de comidas preparadas","EXPENDIO A LA MESA DE COMIDAS PREPARADAS. EXPENDIO DE BEBIDAS ALCOHÓLICAS PARA EL CONSUMO DENTRO Y FUERA DEL ESTABLECIMIENTO."
"JUNGLA","CL 15 NO. 21 -61 BRR EL CARMEN","3508144658","I5611 ** Expendio a la mesa de comidas preparadas","EXPENDIO A LA MESA DE COMIDAS PREPARADAS. COMERCIO AL POR MENOR DE ALIMENTOS SUMINISTRO DE MATERIA PRIMA PARA COMIDAS."
"KOHENS BANQUETE","CL 11 NRO 11-41 BRR CENTRO","3017089958","I5611 ** Expendio a la mesa de comidas preparadas","EXPENDIO A LA MESA DE COMIDAS PREPARADAS CATERING PARA EVENTOS"
"LUCHIS PIZZA","CR 7 NRO. 6-14 BRR BOSQUE","3008918300","I5611 ** Expendio a la mesa de comidas preparadas","EXPENDIO A LA MESA DE COMIDAS PREPARADAS  ELABORACIÓN DE PIZZA"
"LAS VEGAS KRS","CR 7 NRO. 6 - 06 BRR BOSQUE","3008935558","I5611 ** Expendio a la mesa de comidas preparadas","EXPENDIO A LA MESA DE COMIDAS PREPARADAS EXPENDIO DE BEBIDAS ALCOHÓLICAS PARA EL CONSUMO DENTRO DEL ESTABLECIMIENTO."
"LONCHERIA Y RESTAURANTE LA PATRONA","CRA 9 NO. 11-16 BRR CENTRO","3156612228","I5611 ** Expendio a la mesa de comidas preparadas","EXPENDIO A LA MESA DE COMIDAS PREPARADAS ACTIVIDADES DE OTROS SERVICIOS DE COMIDAS  COMERCIO AL POR MENOR DE OTROS PRODUCTOS ALIMENTICIOS N.C.P.  EN ESTABLECIMIENTOS ESPECIALIZADOS EXPENDIO DE BEBIDAS ALCOHOLICAS PARA EL CONSUMO DENTRO DEL ESTABLECIMIENTO"
"RESTAURANTE EL SABAD","CL 14 CR 15 Nro. 13-40 BRR CENTRO","3006840413","I5611 ** Expendio a la mesa de comidas preparadas","EXPENDIO A LA MESA DE COMIDAS PREPARADAS"
"LUNCHERIA VILLAREPÁ","CL 14 CR 10 ESQ BRR CENTRO","3217135267","I5611 ** Expendio a la mesa de comidas preparadas","EXPENDIO A LA MESA DE COMIDAS PREPARADAS COMERCIO AL POR MENOR DE ALIMENTOS BEBIDAS GASEOSAS JUGOS MALTA Y AGUA"
"DON MR. SHAWARMA","CL 12 NRO.10 -107 LC 1 BRR CENTRO","3013064038","I5611 ** Expendio a la mesa de comidas preparadas","EXPENDIO A LA MESA DE COMIDAS PREPARADAS"
"RESTAURANTE FRANGOS MAICAO","CR 17 NRO 14-05 BRR CENTRO","3107073779","I5611 ** Expendio a la mesa de comidas preparadas","EXPENDIO A LA MESA DE COMIDAS PREPARADAS COMERCIO AL POR MENOR DE ALIMENTOS BEBIDAS O TABACO SERVICIOS POR HORA"
"RESTAURANTE MARYIBETH","CLL 8 NRO. 17 - 26 BRR SANTANDER","3116115512","I5611 ** Expendio a la mesa de comidas preparadas","EXPENDIO A LA MESA DE COMIDAS PREPARADAS"
"RESTAURANTE DOÑA NUBIA","CL 3 NRO 8B-31 CORR PARAGUACHON","3015560971","I5611 ** Expendio a la mesa de comidas preparadas","EXPENDIO A LA MESA DE COMEIDAS PREPARADAS"
"MIL DELICIAS MI SHADAY","CL 18 NRO. 11 26 BRR CENTRO","3043626085","I5611 ** Expendio a la mesa de comidas preparadas","EXPENDIO Y PREPARACION DE COMIDAS A LA MESA TALES COMO: DESAYUNOS  ALMUERZOS  CENAS  COMIDAS RAPIDAS  REFRIGERIOS  MERIENDAS  JUGOS NATURALES  BEBIDAS GASEOSAS  ENTRE OTROS. CATERING PARA EVENTOS EN GENERAL."
"CARNES RESTAURANTE-BAR SAN GABRIEL","CL 13 NRO 25-06 BRR EL CARMEN","3007796059","I5611 ** Expendio a la mesa de comidas preparadas","EXPENDIO ALA MESA DE COMIDAS PREPARADAS. Expendio de bebidas alcoholicas para el consumo dentro del establecimiento"
"PESCADERIA PASTRANA","CL 8 NRO. 18 - 55 BRR SANTANDER","3005178408","I5611 ** Expendio a la mesa de comidas preparadas","COMERCIO AL POR MENOR DE PESCADOS  MARISCOS Y PRODUCTOS DE MAR. EXPENDIO DE COMIDAS PREPARADAS. EXPENDIO DE BEBIDAS DENTRO Y FUERA DEL ESTABLECIMIENTO.  COMERCIO AL POR MENOR DE CARNES INCLUYE AVES DE CORRAL  PRODUCTOS CARNICOS  PESCADOS Y PRODUCTOS DE MAR  EN ESTABLECIMIENTOS ESPECIALIZADOS"
"SABOR COLOMBIANO RESTAURANT K.A.C.","CR 12 NRO 14-65 BRR CENTRO","7263567","I5611 ** Expendio a la mesa de comidas preparadas","expendio a la mesa de comidas preparadas expendio por autoservicio de comidas preparadas"
"5 DE NOVIEMBRE","CR 12 NRO. 8 - 35 BRR CENTRO","3226468769","I5611 ** Expendio a la mesa de comidas preparadas","SERVICIO DE RESTAURANTE   SERVICIO DE HELADERÍA   ACTIVIDADES ARRIENDO DE SALON DE EVENTOS  ACTIVIDADES DE PRODUCCIÓN DE PELÍCULAS CINEMATOGRÁFICAS  VÍDEOS  PROGRAMAS  ANUNCIOS Y COMERCIALES DE TELEVISIÓN"
"PIZZERIA WISAN","CR 10 NRO. 15 - 50 BRR CENTRO","3016016292","I5611 ** Expendio a la mesa de comidas preparadas","EXPENDIO A LA MESA DE COMIDAS PREPARADAS"
"RESTAURANTE EL BUEN GUSTO EL SR ROA","MZ B CA 9 BRR RENACER CORR DE PARAGUACHON","3133714412","I5611 ** Expendio a la mesa de comidas preparadas","EXPENDIO A LA MESA DE COMIDAS PREPARADAS."
"RESTAURANTE LA CORDOBESA","CL PRINCIPAL PARAGUACHON","3008595189","I5611 ** Expendio a la mesa de comidas preparadas","VENTA DE COMIDAS PREPARADAS ALA MESA"
"RESTAURANTE Y LICORES M.B","CL 16 NRO 5-65 BRR SAN JOSE","7262974","I5611 ** Expendio a la mesa de comidas preparadas","EXPENDIO A LA MESA DE COMIDAS PREPARADAS VENTA DE BEBIDAS ALCHOLICAS Y NO ALCOHOLICAS PARA EL CONSUMO"
"RESTAURANTE POLLO ARAMNA","CL 9 NRO. 12 - 47 BRR BOSCAN","3016999324","I5611 ** Expendio a la mesa de comidas preparadas","SERVICIO DE RESTAURANTE   VENTA DE POLLO ASADO."
"RESTAURANTE Y ESTADERO LA CURVA","CL 16 NRO 1C - 5 BRR SANTA ISABEL","3012144515","I5611 ** Expendio a la mesa de comidas preparadas","EXPENDIO ALA MESA DE COMIDAS PREPARADS EXPENDIO DE BEBIDAS ALCOHOLICAS PARA EL CONSUMO DENTRO DEL ESTABLECIMIENTO Otras actividades recreativas y de esparcimiento n.c.p."
"ASADEROS LOS TRES HERMANOS","CL 19 NRO 9-39 BRR SAN JOSE","3126279758","I5611 ** Expendio a la mesa de comidas preparadas","EXPENDIO A LA MESA DE COMIDAS PREPARADAS"
"DONDE JESSE","CL 15D NRO. 38 - 91 BRR SAN FRANCISCO","3187659347","I5611 ** Expendio a la mesa de comidas preparadas","EXPENDIO A LA MESA DE COMIDAS PREPARADAS"
"YAJOVI RESTAURANT","CR 41 NRO 29A-57 BRR LOS LAURELES","3122843101","I5611 ** Expendio a la mesa de comidas preparadas","expendio a la mesa de comidas preparadas"
"MERENDERO EL UBITO","KM 56 CUATRO VIA TRONCAL DEL CARIBE","3206328163","I5611 ** Expendio a la mesa de comidas preparadas","EXPENDIO A LA MESA DE COMIDAS PREPARADAS"
"BETEL AGENCY","CR 16 12 65 BRR CENTRO","3017792489","I5611 ** Expendio a la mesa de comidas preparadas","EXPENDIO A LA MESA DE COMIDAS PREPARADAS SERVICIO DE PUBLICIDAD EN GENERAL ACTIVIDADES DE PRODUCCION DE PELICULASCINEMATAGRAFICAS VIDES PROGRAMAS ANUNCIOS Y COMERCIALES DE TELEVISION COMERCIO AL POR MENOR DE ALIMENTOS BEBIDAS GASEOSAS JUGOS MALTAS CERVEZAS Y AGUA"
"RESTAURANTE Y CARNICERÍA EL TORO","CL 10A NRO. 8 - 47 BRR CENTRO","7254188","I5611 ** Expendio a la mesa de comidas preparadas","EXPENDIO A LA MESA DE COMIDAS PREPARADAS. VENTA DE CARNES  PROCESAMIENTO Y CONSERVACION DE CARNE Y PRODUCTOS CARNICOS. ELABORACION DE COMIDAS Y PLATOS PREPARADOS"
"FUSSION GASTROPUB","CL 10 NRO 10 - 11 LC 3 Y 4  BRR EL CENTRO","3042146384","I5611 ** Expendio a la mesa de comidas preparadas","EXPENDIO A LA MESA DE COMIDAS PREPARADAS. ACTIVIDADES DE ESPECTACULOS MUSICALES EN VIVO."
"EL SASON DE DOÑA ESTELA","CR 15 NRO. 16- 45 BARR SAN MARTIN","3016192354","I5611 ** Expendio a la mesa de comidas preparadas","EXPENDIO A LA MESA DE COMIDAS PREPARADAS"
"PANADERIA Y RESTAURANTE  PERRY PAN","CL 13  NOR 13  - 74 BRR CENTRO","3042476807","I5611 ** Expendio a la mesa de comidas preparadas","EXPENDIO A LA MESA DE COMIDAS PREPARADAS. ELABORACIÓN VENTA DE PRODUCTOS DE PANADERÍA."
"RESTAURANTE Y CAFETERIA TIA MARTHA","CL 16 NRO. 30 - 170 UNIVERSIDAD DE LA GUAJIRA","3003359920","I5611 ** Expendio a la mesa de comidas preparadas","EXPENDIO A LA MESA DE COMIDAS PREPARADAS. SERVICIO DE CAFETERIA."
"SALON DE EVENTOS Y RESTAURANTE EXQUISIPEZ","CL 18 NRO. 16 - 71 BRR SAN MARTIN","3186571804","I5611 ** Expendio a la mesa de comidas preparadas","EXPENDIO DE COMIDAS Y CATERING PARA EVENTOS"
"RESTAURANTE LA POPULAR JOHANA","CL 11 CR 17 ESQ ZN MERCADO BRR CENTRO","3104278270","I5611 ** Expendio a la mesa de comidas preparadas","expendio a la mesa de comidas preparadas"
"RESTAURANTE MURALLA CHINA DE MAICAO","CR 11 NRO. 14-33","7264520","I5611 ** Expendio a la mesa de comidas preparadas","EXPENDIO A LA MESA DE COMIDAS PREPARADAS"
"RESTAURANTE LA 15 C","CL 15 NRO. 16 - 10 BRR CENTRO","3004122577","I5611 ** Expendio a la mesa de comidas preparadas","EXPENDIO A LA MESA DE COMIDAS PREPARADAS."
"NUEVO POLLO CONTENTO","CL 16 NRO. 20 - 05 BRR EL CARMEN","7260391","I5611 ** Expendio a la mesa de comidas preparadas","EXPENDIO A LA MESA DE COMIDAS PREPARADAS"
"RESTAURANTE LA CANDELARIA F.G.","CL 16 NRO. 1C - 25 P1 LC 30 CENTRAMA","3016929306","I5611 ** Expendio a la mesa de comidas preparadas","EXPENDIO A LA MESA DE COMIDAS PREPARADAS."
"RESTAURANTE Y AZADERO AMBO","CL 13 NRO. 13 - 57 BRR CENTRO","7260786","I5611 ** Expendio a la mesa de comidas preparadas","VENTA DE POLLO ASADO."
"ASADERO CALI POLLO GARCIA","CR 12 NRO. 15 - 67 BRR CENTRO","3212784869","I5611 ** Expendio a la mesa de comidas preparadas","EXPENDIO DE COMIDA  POLLO ASADO."
"RESTAURANTE BUCARAMANGA TROPICAL","CL 16 NRO. 10 - 63 BR CENTRO","3006148012","I5611 ** Expendio a la mesa de comidas preparadas","EXPENDIO A LA MESA DE COMIDAS PREPARADAS."
"1926 RESTAURANTE BAR","CR 10 NRO. 11 - 25 BRR CENTRO","7262383","I5611 ** Expendio a la mesa de comidas preparadas","EXPENDIO A LA MESA DE COMIDAS PREPARADAS"
"SABOR COLOMBIANO RESTAURANT","CR 41 NRO. 16 - 22 BRR LOS LAURELES","3107095324","I5611 ** Expendio a la mesa de comidas preparadas","Expendio a la mesa de comidas preparadas"
"RESTAURANTE CIELO","CL 16 NRO. 19 - 49 BRR EL CARMEN","7256238","I5611 ** Expendio a la mesa de comidas preparadas","EXPENDIO A LA MESA DE COMIDAS PREPARADAS."
"RESTAURANTE EL PUNTO DEL SABOR . LUZ","CR 09 NRO. 13 - 36 BRR CENTRO","3013866999","I5611 ** Expendio a la mesa de comidas preparadas","EXPENDIO A LA MESA DE COMIDAS PREPARADAS"
"PIZZAS Y LASAGNAS BETO","CR 09 NRO. 12 - 36 BRR CENTRO","7261290","I5611 ** Expendio a la mesa de comidas preparadas","EXPENDIO A LA MESA DE COMIDAS PREPARADAS"
"EDDY ESPRES","CR 28 NRO. 16 - 05 BRR BUENOS AIRES","3005030316","I5612 ** Expendio por autoservicio de comidas preparadas","EXPENDIO DE COMIDAS RAPIDAS"
"ÑAM CAFETERIA","CRA 11 No. 6-10 BRR EL BOSQUE","3003539330","I5613 ** Expendio de comidas preparadas en cafeterias","Expendio de comidas preparadas en cafeterias"
"EMPANADAS DE MAIZ MI MAMA Y YO","CL 10 NO. 1A - 12 BRR LIBERTADOR","7265763","I5613 ** Expendio de comidas preparadas en cafeterias","ELABORACIÓN Y VENTA DE EMPANADAS."
"CAFETERÍA Y HOSPEDAJE LA 14","CL 14 NRO. 11 - 46 BRR CENTRO","3023995693","I5613 ** Expendio de comidas preparadas en cafeterias","EXPENDIO DE COMIDAS PREPARADAS EN CAFETERÍAS OTROS TIPOS DE ALOJAMIENTO PARA VISITANTES."
"AVATAR","CL 12 NRO 13-31 BRR CENTRO","3004391544","I5613 ** Expendio de comidas preparadas en cafeterias","EXPENDIO DE COMIDAS PREPARAS BUÑUELOS EMPANADAS COMERCIO AL POR MENOR DE ALIMENTOS BEBIDAS GASEOSAS AGUA"
"RESTAURANTE ANTIGU BISTRO GOURMET","CR 10 NRO 14-60 BRR CENTRO","3007846659","I5613 ** Expendio de comidas preparadas en cafeterias",
"COMIDAS RAPIDAS EL TAVO","CR 14 NRO. 06 - 07 BRR BOSCAN","3017028212","I5613 ** Expendio de comidas preparadas en cafeterias","EXPENDIO DE COMIDAS PREPARADAS EN CAFETERIAS"
"RESTAURANTE Y ASADERO POLITO","CL 16 NRO. 15 - 54 BRR SAN MARTIN","7255777","I5613 ** Expendio de comidas preparadas en cafeterias","EXPENDIÓ DE COMIDAS PREPARADAS EN CAFETERÍAS"
"COMIDAS RAPIDAS EL CHAMO","CR 13 NRO. 06 - 62 BRR BOSCAN","3003268727","I5619 ** Otros tipos de expendio de comidas preparadas n.c.p.","OTROS TIPOS DE EXPENDIO DE COMIDAS PREPARADAS N.C.P."
"COMIDAS RAPIDAS CHICO`S","CR 29 NRO. 16 - 04 BRR BUENOS AIRES","3046717789","I5619 ** Otros tipos de expendio de comidas preparadas n.c.p.","COMIDAS RAPIDAS"
"PIZZA POP`S","CR 10 NRO. 11 - 19 BRR CENTRO","7266315","I5619 ** Otros tipos de expendio de comidas preparadas n.c.p.","OTROS TIPOS DE EXPENDIO DE COMIDAS PREPARADAS N.C.P."
"QUILES URBAN FOOD","CR 8 NRO. 19 - 45 BRR SAN JOSE","3043284159","I5619 ** Otros tipos de expendio de comidas preparadas n.c.p.","SERVICIO DE COMIDAS RAPIDAS."
"VENTA DE COMIDAS RAPIDAS PECHIS","cra 15 19 38 brr san martin","3158806716","I5619 ** Otros tipos de expendio de comidas preparadas n.c.p.","Otros tipos de expendio de comidas preparadas n.c.p."
"LA CASA DE RINELS","CR 15 No 3-46 BRR BOSCAN","7261191","I5619 ** Otros tipos de expendio de comidas preparadas n.c.p.","Otros tipos de expendio de comidas preparadas n.c.p comidas rapidas y Comercio al por menor de bebidas y productos del tabaco  en establecimientos especializados"
"BROCHETTE TO GO!","CL 5 # 4 - 29","3214546388","I5619 ** Otros tipos de expendio de comidas preparadas n.c.p.","SERVICIO DE COMIDAS RAPIDAS.COMERCIO DE BISUTERÍA CACHARRERÍA. PRODUCTOS DE FARMACIA Y BELLEZA."
"COMIDAS RAPIDAS LAS MARACUCHAS","CR 14 NRO- 4 - 28 BRR BOSCAN","3136686330","I5619 ** Otros tipos de expendio de comidas preparadas n.c.p.","VENTA DE COMIDAS RAPIDAS."
"BURGER ROUTE 77","CL 7 NO 26 05 PARAISO","3014575508","I5619 ** Otros tipos de expendio de comidas preparadas n.c.p.","Otros tipos de expendio de comidas preparadas n.c.p."
"BARRACUDA SUSHI BAR","CL 15 CR 10 LC 203 BRR CENTRO","3219883127","I5619 ** Otros tipos de expendio de comidas preparadas n.c.p.","Otros tipos de expendio de comidas preparadas n.c.p. y Expendio de bebidas alcoholicas para el consumo dentro y fuera del establecimiento"
"AREPAS CHICHIWARE  LA BENDICION DE DIOS","CL 15 CR 24  No  24 -30 BR EL CARMEN","3114082318","I5619 ** Otros tipos de expendio de comidas preparadas n.c.p.","Otros tipos de expendio de comidas preparadas n.c.p."
"COMIDAS RAPIDAS AMOR","CL 16 NRO 32-25 BRR MAREYGUA","3002572775","I5619 ** Otros tipos de expendio de comidas preparadas n.c.p.","OTROS TIPOS DE EXPENDIO DE COMIDAS PREPARADAS N.C.P. SALCHIPAS PERROS CALIENTES Y HAMBURGUESAS"
"PATARONES","CR 22 NRO 14-38 BRR EL CARMEN","3043510097","I5619 ** Otros tipos de expendio de comidas preparadas n.c.p.","expendio de comidas preparadas tales como patacones rellenos hamburguesa de  pollo y carnes"
"COMIDAS RAPIDAS DONDE ITA","CR 15 No 6A 57 BRR SANTANDER","3005090494","I5619 ** Otros tipos de expendio de comidas preparadas n.c.p.","Otros tipos de expendio de comidas preparadas n.c.p."
"MANANTIAL LAS HERMANAS V","CR 3 NRO 23-15 BRR SAN ANTONIO","3016730554","I5619 ** Otros tipos de expendio de comidas preparadas n.c.p.","otros tipos de expendio de comidas preparadas n.c.p. enpanadas salchipapas perros calintes"
"COMIDAS RAPIDAS DONDE MAIRA","CALLE 15A NRO. 29-01","3166705790","I5619 ** Otros tipos de expendio de comidas preparadas n.c.p.","Otros tipos de expendio de comidas preparadas n.c.p."
"JUGOS Y FRITOS EL NIÑO","CL 10 CR 16 Y 17 INT MERCADO PUBLICO","3043332648","I5619 ** Otros tipos de expendio de comidas preparadas n.c.p.","OTROS TIPOS DE COMIDAS PREPARADAS N.C.P. FRITOS ENPANADAS Y JUGOS NATURALES"
"RESTAURANTE Y PIZZERIA HONG KONG EXPRESS","CL 8 NRO 12-26 BRR BOSCAN","7266519","I5619 ** Otros tipos de expendio de comidas preparadas n.c.p.","COMERCIO AL POR MENOR DE COMIDAS PREPARADAS N.C.P. PIZZERIA Y HELADERIA JUGOS DE FRUTAS NATURALES"
"EMPANADAS Y FRITOS DE MAIZ LA GRACIA DE DIOS","CL 11B NRO 1E-61 BRR COLOMBIA LIBRE","3103854438","I5619 ** Otros tipos de expendio de comidas preparadas n.c.p.","OTROS TIPOS DE EXPENDIO DE COMIDAS PREPARADS N.C.P.AREPAS Y EMPANADAS DE POLLO DE JAMON Y QUESO Y PAPAS"
"COMIDAS RAPIDAS MONKEY EXPRESS","CL 16 CR 12 Y 13 BRR CENTRO","3012770870","I5619 ** Otros tipos de expendio de comidas preparadas n.c.p.","OTROS TIPOS DE EXPENDIO DE COMIDAS PREPARADAS N.C.P. PERROS CALIENTES HAMBURGUESAS Y SALCHIPAPAS Y REFRESCOS"
"COFFEE SAMTOM","CR 11 NRO. 9 - 67 LC B BRR CENTRO","3008479756","I5619 ** Otros tipos de expendio de comidas preparadas n.c.p.","SERVICIOS DE HELADOS Y BEBIDAS DE FRUTAS NATURALES  EXPENDIO DE ALIMENTOS PARA SU CONSUMO INMEDIATO (SANDWICHE  WAFER   HAMBURGUESAS Y EN GENERAL COMIDAS LIGERAS)."
"CONGELADOS DOÑA CARMEN","CR 8 NRO 3-08 BRR VEINTE DE JULIO","3046607811","I5619 ** Otros tipos de expendio de comidas preparadas n.c.p.","OTROS TIPOS DE EXPENDIOS DE COMIDAS PREPARADAS N.C.P. EMPANAS DEDITOS PASABOCAS PATACONES Y OTROS TIPOS DE EXPENDIO DE COMIDAS PREPARADAS"
"BACON 57 BURGER","CL 18 NRO 5-59 AP 1 BRR SAN JOSE","3215944870","I5619 ** Otros tipos de expendio de comidas preparadas n.c.p.","OTROS TIPOS DE EXPENDIOS DE COMIDAS PREPARADS N.C.P  AMBURGUESA PERROS CALIENTES SALCIPAPAS  HORIZOS BEBIDAS GASEOSAS JUGOS MALTAS Y AGUA"
"MUNDO HELADOS","COMERCIO AL POR MENOR DE HELADOS Y REFRESQUERIA Y COMIDAS RAPIDAS.","7254253","I5619 ** Otros tipos de expendio de comidas preparadas n.c.p.","comercio al por menor de helados y refresqueria y comidas rapidas."
"ANTOJOS LA GUAJIRA","CR 16 NRO 16-19 BRR SAN MARTIN","3006278226","I5619 ** Otros tipos de expendio de comidas preparadas n.c.p.","otros tipos de expendio de comidas preparadas sandwich ensaladas de fruta comercio al por menor de leche  productos lacteos yogurt leche y cuajadas comercio al por menor de alimentos bebidas gaseosas jugos maltas y agua actividades de apoyo terapeutico"
"COMIDA  RAPIDAS YURAINES","CLL 6 NO. 11A - 53 BRR JOSE DOMINGO BOSCAN","3163850753","I5619 ** Otros tipos de expendio de comidas preparadas n.c.p.","OTROS TIPOS DE EXPENDIO DE COMIDAS PREPARADAS N.C.P."
"ASADERO ROMA'S","CLL 15 NO. 11-43 BRR CENTRO","3046571089","I5619 ** Otros tipos de expendio de comidas preparadas n.c.p.","OTROS TIPOS DE EXPENDIO DE COMIDAS PREPARADAS N.C.P."
"RESTAURANTE DONDE MARIE","CALLE 15 N°11-43","7267440","I5619 ** Otros tipos de expendio de comidas preparadas n.c.p.","OTROS TIPOS DE EXPENDIO DE COMIDAS PREPARADAS N.C.P."
"DESAYUNOS MILE","CL 15 CR 11 BRR CENTRO","3008648770","I5619 ** Otros tipos de expendio de comidas preparadas n.c.p.","VENTA DE DESAYUNOS"
"PIZZERIA TENTTACIONES","CL 7 NRO 8-48 BRR BOSQUE","3046400941","I5619 ** Otros tipos de expendio de comidas preparadas n.c.p.","OTROS TIPOS DE EXPENDIO DE COMIDAS PREPARADAS SAPCHIPAPAS PERROS CALIENTE HAMBURGUESA BEBIDAS GASEOSAS JUGOS MALTAS Y AGUA"
"PIZZA MAVER","CL 15 CR 11 Y 12 BRR CENTRO","3113424787","I5619 ** Otros tipos de expendio de comidas preparadas n.c.p.","EXPENDIO DE PIZZAS Y COMIDAS RAPIDAS."
"PASTELITOS ANDREA","CR 6 NRO 17-4 BRR SAN JOSE","3007581908","I5619 ** Otros tipos de expendio de comidas preparadas n.c.p.","VENTA DE COMIDAS ALIMENTOS EMPANADAS BUÑUELOS PERROS CALIENTE AREPAS CHORIZOS FRITANGUERIA Y HELADERIA COMERCIO AL POR MENOR DE ALIMENTOS BEBIDAS GASEOSAS JUGOS MALTAS YA GUA EN BOLSA"
"CHAROLAIS","CR 11 NRO. 16 - 21 BRR SAN JOSE","3003291783","I5619 ** Otros tipos de expendio de comidas preparadas n.c.p.","SERVICIO DE COMIDA RAPIDA Y EXPENDIO DE BEBIDAS ALCOHOLICAS PARA EL CONSUMO DENTRO Y FUERA DEL ESTABLECIMIENTO."
"MAS QUE UN ASADO SHERIFF","CR 5 NRO 17-82 BRR LOS OLIVOS","3108943841","I5619 ** Otros tipos de expendio de comidas preparadas n.c.p.","OTROS TIPOS DE EXPENDIO DE COMIDAS PREPARADAS N.C.P  ENPANADAS BUÑUELOS CHORIZOS PERROS CALIENTES SALCHIPAPAS CATERING PARA EVENTOS SOCIALES FIESTAS BODAS CUMPLEAÑOS MATRIMONIO COMERCIO AL POR MENOR DE ALIMENTOS BEBIDAS GASEOSAS JUGOS MALTAS Y AGUA"
"DELICIAS DE CASA YORCE","CL 12 NRO 1A-16 BRR COLOMBIA LIBRE","3005929609","I5619 ** Otros tipos de expendio de comidas preparadas n.c.p.","OTROS TIPOS DE EXPENDIO DE COMIDAS PREPARADAS N.C.P.EMPANADAS BUÑUELOS CHORIZO FRITANGAS"
"COMIDAS RAPIDA LA 30 YOMADIS","CALLE 30 NO. 25-42 BRR VILLA DEL SOL","3045322604","I5619 ** Otros tipos de expendio de comidas preparadas n.c.p.","VENTA DE COMIDAS RAPIDAS"
"HELADERIA REFRESQUERIA Y RESTAURANTE EL TIZON","CL 13 Nro. 14-25 P 1 LC 01","3014524236","I5619 ** Otros tipos de expendio de comidas preparadas n.c.p.","OTROS TIPOS DE EXPENDIO DE COMIDAS PREPARADAS N.C.P. EXPENDIO A LA MESA DE COMIDAS PREPARADAS"
"DELICIAS RAPIDAS DONALDS","CL 9 NRO 7-55 BRR EL BOSQUE","3017492119","I5619 ** Otros tipos de expendio de comidas preparadas n.c.p.","OTROS TIPOS DE EXPENDIOS DE COMIDAS PREPARADAS N.C.P"
"COMIDAS RAPIDAS EL CARMEN","CR 28 NRO 15-26 BRR EL CARMEN","3012239986","I5619 ** Otros tipos de expendio de comidas preparadas n.c.p.","OTROS TIPOS DE EXPENDIOS DE COMIDAS PREPARADAS"
"HELADERIA NEGLYSALEX","CR 10 NRO. 14 - 17 BRR CENTRO","3107445053","I5619 ** Otros tipos de expendio de comidas preparadas n.c.p.","VENTA DE HELADOS."
"COMIDAS RAPIDA EL GRAN PUNTO","CL 17 NRO 14-60 BRR SAN MARTIN","3126067283","I5619 ** Otros tipos de expendio de comidas preparadas n.c.p.","OTROS TIPOS DE EXPENDIOS DE COMIDAS PREPARADAS"
"CANGA RESTAURANT","CR 10 NRO. 14 - 35  BRR EL CENTRO","3045562327","I5619 ** Otros tipos de expendio de comidas preparadas n.c.p.","OTRO TIPOS DE EXPENDIO DE COMIDAS PREPARADAS COMERCIO AL POR MENOR DE BEBIDAS Y PRODUCTOS DEL TABACO ACTIVIDADES DE CONTABILIDA TENEDURIA DE LIBROS AUDITORIA FINANCIERA Y ASESORIAS TRIBUTARIAS CORRETAJE DE VALORES Y DE CONTRATOS DE PRODUCTOS BASICOS"
"LUCHO PIZZA","CR 7 NRO. 6 - 14 BRR EL BOSQUE","3006560318","I5619 ** Otros tipos de expendio de comidas preparadas n.c.p.","VENTAS DE PIZZA Y COMIDAS RÁPIDAS. SERVICIO DE CAFÉ INTERNET."
"ZONA L FOOD TRUCK","CL 15 NRO 21-61 BRR EL CARMEN","3006633835","I5619 ** Otros tipos de expendio de comidas preparadas n.c.p.",
"SABROSIA","CR 08 NRO 10-12 BRR CENTRO","3004863938","I5619 ** Otros tipos de expendio de comidas preparadas n.c.p.","COMERCIO AL POR MENOR DE HELADERIA COMERCIO AL POR MENOR DE ALIMENTOS COMERCIO AL POR MENOR DE PRENDAS DE VESTIR. COMERCIO AL POR MENOR DE ARTÍCULOS DE ARTESANÍAS Y ÚTILES ESCOLARES"
"COMIDAS RAPIDAS LS","CR 8 NRO 18 - 58 BRR SAN JOSE","3017562601","I5619 ** Otros tipos de expendio de comidas preparadas n.c.p.","VENTA DE COMIDAS RAPIDAS"
"COMBOS Y HAMBURGUESAS LOS PAISITAS","CL 16 NRO |5-74 BRR SAN MARTIN","7250867","I5619 ** Otros tipos de expendio de comidas preparadas n.c.p.","VENTA DE PIZZAS HAMBURGUESASS CHORIZOS PERRO CALIENTE GASEOSAS JUGOS Y AGUA"
"COMIDAS RAPIDAS LA REINA N.S","CL 27 CR 25 NRO. 5N1 BRR VILLA EL SOL","3205299710","I5619 ** Otros tipos de expendio de comidas preparadas n.c.p.","OTROS TIPOS DE EXPENDIO DE COMIDAS RAPIDAS  (PERROS CALIENTES  PICADAS  AMBURGUESAS  GASEOSAS  JUGOS)."
"FULL QUESO","CL  15 N 17 – 61","3013743885","I5619 ** Otros tipos de expendio de comidas preparadas n.c.p.","ELABORACIÓN Y VENTA DE FRITOS."
"PIZZAS EN LEÑA","CR 9 NRO 7-23 BRR EL BOSQUE","3154676575","I5619 ** Otros tipos de expendio de comidas preparadas n.c.p.","EXPENDIO DE COMIDAS PREPARADAS TALES COMO PIZZAS HAMBURGUESA SANDWUICH Y POSTRES"
"JUGOS BAR 1","CL 6A NRO. 13 - 28 BRR BOSCAN","3017603201","I5619 ** Otros tipos de expendio de comidas preparadas n.c.p.","VENTA DE COMIDAS RAPIDAS."
"VAHYOLI HELADERIA-RESTAURANTE-BAR","CL 6A NRO14-76 BRR BOSCAN","3142932504","I5619 ** Otros tipos de expendio de comidas preparadas n.c.p.","OTROS TIPOS DE EXPENDIO DE COMIDAS PREPARADAS N.C.P. EXPENDIO DE BEBIDAS ALCOHOLICAS PARA EL CONSUMO DENTRO DEL ESTABLECIMIENTO."
"SUPER DEDOS DE LA GUAJIRA","CR 9 NRO 10-36 BRR CENTRO","3012203355","I5619 ** Otros tipos de expendio de comidas preparadas n.c.p.","COMERCIALIZADION DE DEDITOS  EMPANADAS."
"COMIDAS RAPIDAS ERIFER","CR 15 NRO.6A - 57 BRR CENTRO","3002276387","I5619 ** Otros tipos de expendio de comidas preparadas n.c.p.",
"DELICIAS WILLY M.D","CL 4BIS NOR 7 - 50 BRR BOSQUE","3107097310","I5619 ** Otros tipos de expendio de comidas preparadas n.c.p.","OTROS TIPOS DE EXPENDIO DE COMIDAS PREPARADAS N.C.P. COMERCIO AL POR MENOR EN ESTABLECIMIENTOS NO ESPECIALIZADOS CON SURTIDO COMPUESTO PRINCIPALMENTE POR ALIMENTOS  BEBIDAS O TABACO"
"DINO`S PIZZA EL MUNDO DEL SABOR","CR 10 NRO. 15 - 63 LC 13 BRR CENTRO","3013640707","I5619 ** Otros tipos de expendio de comidas preparadas n.c.p.","VENTA DE COMIDAS RAPIDAS."
"ASADOS DONDE ANA # 2","CR 20 NRO. 13 - 07 BRR EL CARMEN","3224593065","I5619 ** Otros tipos de expendio de comidas preparadas n.c.p.","Otros tipos de expendio de comidas preparadas n.c.p."
"COMIDAS RAPIDAS Y ASADERO EL MONACO","CR 5 NO. 17 - 06 BRR LOS OLIVOS","3042135742","I5619 ** Otros tipos de expendio de comidas preparadas n.c.p.","VENTA DE COMIDAS RAPIDAS  SERVICIO DE RESTAURANTE."
"COMIDAS RAPIDAS LA MAFIA","CR 8 NRO. 3 - 76 BRR BOSQUE","3215623218","I5619 ** Otros tipos de expendio de comidas preparadas n.c.p.","SERVICIO DE COMIDAS RAPIDAS."
"ORALE GUEY","CL 15 NRO. 21 - 61 BRR EL CARMEN","3007177226","I5619 ** Otros tipos de expendio de comidas preparadas n.c.p.","OTROS TIPOS DE EXPENDIO DE COMIDAS PREPARADAS."
"LAS ROCAS MAICAO","CR 10 NRO. 15 - 70 LC 3 BRR CENTRO","3043637737","I5619 ** Otros tipos de expendio de comidas preparadas n.c.p.","OTROS TIPOS DE EXPENDIO DE COMIDAS PREPARADAS N.C.P."
"HELADOS LA FAMILIAR","CL 12 NRO. 8 - 66 BRR CENTRO","3174292415","I5619 ** Otros tipos de expendio de comidas preparadas n.c.p.","VENTA DE HELADOS"
"ARTESANIAS Y VARIEDADES PERIJA","CL 11 CR 13 SECTOR EL TRIANGULO BRR CENTRO","3135659199","I5619 ** Otros tipos de expendio de comidas preparadas n.c.p.","EXPENDIO ALA MESA DE COMIDAS PREPARADAS"
"COMIDAS RAPIDAS VICTORIA BURGERS","CR 13 NRO. 7 - 20 BRR BOSCAN","3127503717","I5619 ** Otros tipos de expendio de comidas preparadas n.c.p.","OTROS TIPOS DE EXPENDIO DE COMIDAS PREPARADAS N.C.P."
"COMIDA RAPIDA EBENEIZER","CL 09 NRO. 08 - 04 BRR BOSQUE","3012614617","I5619 ** Otros tipos de expendio de comidas preparadas n.c.p.","SERVICIO DE COMIDAS RAPIDAS."
